晴れ,晴時々曇,4410,2022-06-25 21:37:43
晴れ,晴時々曇,4410,2022-06-25 21:39:15
晴時々曇,晴時々曇,4410,2022-06-26 17:40:19
晴れ,晴時々曇,4410,2022-06-28 21:51:08
晴れ,晴時々曇,4410,2022-07-01 18:57:49
晴れ,晴時々曇,4410,2022-07-01 18:59:28
晴れ,晴時々曇,4410,2022-07-01 19:02:16
晴れ,晴時々曇,4410,2022-07-01 19:05:47
晴れ,晴時々曇,4410,2022-07-01 19:08:33
晴れ,晴時々曇,4410,2022-07-01 19:08:34
晴れ,晴時々曇,4410,2022-07-01 19:08:35
晴れ,晴時々曇,4410,2022-07-01 19:08:37
晴れ,晴時々曇,4410,2022-07-01 19:08:38
晴れ,晴時々曇,4410,2022-07-01 19:08:39
晴れ,晴時々曇,4410,2022-07-01 19:08:40
晴れ,晴時々曇,4410,2022-07-01 19:08:41
晴れ,晴時々曇,4410,2022-07-01 19:08:43
晴れ,晴時々曇,4410,2022-07-01 19:08:44
晴れ,晴時々曇,4410,2022-07-01 19:08:45
晴れ,晴時々曇,4410,2022-07-01 19:08:46
晴れ,晴時々曇,4410,2022-07-01 19:08:47
晴れ,晴時々曇,4410,2022-07-01 19:08:49
晴れ,晴時々曇,4410,2022-07-01 19:08:50
晴れ,晴時々曇,4410,2022-07-01 19:08:51
晴れ,晴時々曇,4410,2022-07-01 19:08:52
晴れ,晴時々曇,4410,2022-07-01 19:08:53
晴れ,晴時々曇,4410,2022-07-01 19:08:55
晴れ,晴時々曇,4410,2022-07-01 19:08:56
晴れ,晴時々曇,4410,2022-07-01 19:08:57
晴れ,晴時々曇,4410,2022-07-01 19:08:58
晴れ,晴時々曇,4410,2022-07-01 19:09:00
晴れ,晴時々曇,4410,2022-07-01 19:09:01
晴れ,晴時々曇,4410,2022-07-01 19:09:02
晴れ,晴時々曇,4410,2022-07-01 19:09:03
晴れ,晴時々曇,4410,2022-07-01 19:09:04
晴れ,晴時々曇,4410,2022-07-01 19:09:06
晴れ,晴時々曇,4410,2022-07-01 19:09:07
晴れ,晴時々曇,4410,2022-07-01 19:09:08
晴れ,晴時々曇,4410,2022-07-01 19:09:09
晴れ,晴時々曇,4410,2022-07-01 19:09:10
晴れ,晴時々曇,4410,2022-07-01 19:09:12
晴れ,晴時々曇,4410,2022-07-01 19:09:13
晴れ,晴時々曇,4410,2022-07-01 19:09:14
晴れ,晴時々曇,4410,2022-07-01 19:09:15
晴れ,晴時々曇,4410,2022-07-01 19:09:16
晴れ,晴時々曇,4410,2022-07-01 19:09:18
晴れ,晴時々曇,4410,2022-07-01 19:09:19
晴れ,晴時々曇,4410,2022-07-01 19:09:20
晴れ,晴時々曇,4410,2022-07-01 19:09:21
晴れ,晴時々曇,4410,2022-07-01 19:09:23
晴れ,晴時々曇,4410,2022-07-01 19:09:24
晴れ,晴時々曇,4410,2022-07-01 19:09:25
晴れ,晴時々曇,4410,2022-07-01 19:09:26
晴れ,晴時々曇,4410,2022-07-01 19:09:27
晴れ,晴時々曇,4410,2022-07-01 19:09:29
晴れ,晴時々曇,4410,2022-07-01 19:09:30
晴れ,晴時々曇,4410,2022-07-01 19:09:31
晴れ,晴時々曇,4410,2022-07-01 19:09:32
晴れ,晴時々曇,4410,2022-07-01 19:09:33
晴れ,晴時々曇,4410,2022-07-01 19:09:34
晴れ,晴時々曇,4410,2022-07-01 19:09:36
晴れ,晴時々曇,4410,2022-07-01 19:09:37
晴れ,晴時々曇,4410,2022-07-01 19:09:38
晴れ,晴時々曇,4410,2022-07-01 19:09:39
晴れ,晴時々曇,4410,2022-07-01 19:09:41
晴れ,晴時々曇,4410,2022-07-01 19:09:42
晴れ,晴時々曇,4410,2022-07-01 19:09:43
晴れ,晴時々曇,4410,2022-07-01 19:09:44
晴れ,晴時々曇,4410,2022-07-01 19:09:45
晴れ,晴時々曇,4410,2022-07-01 19:09:47
晴れ,晴時々曇,4410,2022-07-01 19:09:48
晴れ,晴時々曇,4410,2022-07-01 19:09:49
晴れ,晴時々曇,4410,2022-07-01 19:09:50
晴れ,晴時々曇,4410,2022-07-01 19:09:51
晴れ,晴時々曇,4410,2022-07-01 19:09:53
晴れ,晴時々曇,4410,2022-07-01 19:09:54
晴れ,晴時々曇,4410,2022-07-01 19:09:55
晴れ,晴時々曇,4410,2022-07-01 19:09:56
晴れ,晴時々曇,4410,2022-07-01 19:09:57
晴れ,晴時々曇,4410,2022-07-01 19:09:59
晴れ,晴時々曇,4410,2022-07-01 19:10:00
晴れ,晴時々曇,4410,2022-07-01 19:10:01
晴れ,晴時々曇,4410,2022-07-01 19:10:02
晴れ,晴時々曇,4410,2022-07-01 19:10:03
晴れ,晴時々曇,4410,2022-07-01 19:10:05
晴れ,晴時々曇,4410,2022-07-01 19:10:06
晴れ,晴時々曇,4410,2022-07-01 19:10:07
晴れ,晴時々曇,4410,2022-07-01 19:10:08
晴れ,晴時々曇,4410,2022-07-01 19:10:09
晴れ,晴時々曇,4410,2022-07-01 19:10:11
晴れ,晴時々曇,4410,2022-07-01 19:10:12
晴れ,晴時々曇,4410,2022-07-01 19:10:13
晴れ,晴時々曇,4410,2022-07-01 19:10:14
晴れ,晴時々曇,4410,2022-07-01 19:10:15
晴れ,晴時々曇,4410,2022-07-01 19:10:17
晴れ,晴時々曇,4410,2022-07-01 19:10:18
晴れ,晴時々曇,4410,2022-07-01 19:10:19
晴れ,晴時々曇,4410,2022-07-01 19:10:20
晴れ,晴時々曇,4410,2022-07-01 19:10:21
晴れ,晴時々曇,4410,2022-07-01 19:10:23
晴れ,晴時々曇,4410,2022-07-01 19:10:24
晴れ,晴時々曇,4410,2022-07-01 19:10:25
晴れ,晴時々曇,4410,2022-07-01 19:10:26
晴れ,晴時々曇,4410,2022-07-01 19:10:27
晴れ,晴時々曇,4410,2022-07-01 19:10:29
晴れ,晴時々曇,4410,2022-07-01 19:10:30
晴れ,晴時々曇,4410,2022-07-01 19:10:31
晴れ,晴時々曇,4410,2022-07-01 19:10:32
晴れ,晴時々曇,4410,2022-07-01 19:21:17
晴れ,晴時々曇,4410,2022-07-01 20:58:00
